Country,Region,Year,Water Source Type,Contaminant Level (ppm),pH Level,Turbidity (NTU),Dissolved Oxygen (mg/L),Nitrate Level (mg/L),Lead Concentration (µg/L),Bacteria Count (CFU/mL),Water Treatment Method,Access to Clean Water (% of Population),"Diarrheal Cases per 100,000 people","Cholera Cases per 100,000 people","Typhoid Cases per 100,000 people","Infant Mortality Rate (per 1,000 live births)",GDP per Capita (USD),Healthcare Access Index (0-100),Urbanization Rate (%),Sanitation Coverage (% of Population),Rainfall (mm per year),Temperature (°C),Population Density (people per km²),Total Dissolved Solids (mg/L),Contaminant Level,Disease Indicator / Risk
Nigeria,Abuja (FCT),2021,Jabi Lake (Dry Season),,7.47,4.97,7.61,,,,,,,,,,,,,,,,,137.91,High (Color: 50.27 PtCo; Fe: 0.49 mg/L; Mn: 1.14 mg/L),High Risk (Seasonal runoff & municipal/organic pollution)
Nigeria,Abuja (FCT),2021,Jabi Lake (Wet Season),,7.42,6.16,13.72,,,,,,,,,,,,,,,,,100.4,High (Color: 77.99 PtCo; Fe: 0.36 mg/L; Mn: 0.53 mg/L),Moderate Health Risk (Exceeds WHO for Turbidity & Heavy Metals)
Nigeria,Benue South,2023,Amoke Borehole (Apa LGA),,6.57,44.86,3.56,,,,,,,,,,,,,,,,,142.25,High (Coliforms up to 862 MPN/100mL; TSS: 83.61 mg/L),High Particulate & Severe Microbial Hazard (Turbidity: 44.86 NTU; TSS: 83.61 mg/L; Coliforms spike to 862 MPN)
Nigeria,Benue South,2023,Awulema Borehole (Ohimini LGA),,6.66,9.47,4.84,,,,,,,,,,,,,,,,,271,High (EC: 603.88 µS/cm; Coliforms up to 621 MPN/100mL),Pathogen Alert (Coliforms up to 621 MPN & EC: 603.88 µS/cm exceed WHO limits)
Nigeria,Benue South,2023,Ijami Well (Ohimini LGA),,6.58,9.84,4.45,,,,,,,,,,,,,,,,,31.5,Moderate-High (Coliforms up to 168 MPN/100mL),Microbial Contamination Warning (Coliforms up to 168 MPN)
Nigeria,Benue South,2023,Ochekwu River (Apa LGA),,6.77,52.04,4.03,,,,,,,,,,,,,,,,,12.65,Very High (Turbidity: 52.04 NTU; Coliforms up to 237 MPN/100mL),High Turbidity & Microbial Hazard (Turbidity: 52.04 NTU far exceeds safe clarity limits; Coliforms up to 237 MPN)
Nigeria,Benue South,2023,Ogoli River (Otukpo LGA),,6.98,31.21,4.15,,,,,,,,,,,,,,,,,25,Extreme (Total Coliform > 1600 MPN/100mL; EC: 140.81 µS/cm),Severe Pathogen Alert (Cholera / Typhoid / Dysentery risk; Extremely high coliforms >1600 MPN)
Nigeria,Benue South,2023,Okpokwu River (Ohimini LGA),,7.02,15.18,3.93,,,,,,,,,,,,,,,,,40.85,Very High (Coliforms up to 408 MPN/100mL),Pathogen Alert (High Coliforms up to 408 MPN; Unsafe Surface Water)
Nigeria,Benue South,2023,Upu Borehole (Otukpo LGA),,7.29,9.68,4.53,,,,,,,,,,,,,,,,,694.75,High (EC: 1060.50 µS/cm; Coliforms up to 248 MPN/100mL),Microbial & High Mineral Risk (EC: 1060.5 µS/cm exceeds WHO 600 limit; Coliforms up to 248 MPN)
Nigeria,Central,2024,Lake,3.11,7.41,0.24,6.89,10.67,14.01,509,Chlorination,49.4,92,28,6,5.62,21050,43.39,73.11,36.75,1202,7.66,988,,,
Nigeria,Central,2024,River,4.23,8.35,2.78,9.85,32.12,7.65,3028,,94.27,44,25,23,58.78,37675,68.02,47.79,59.11,2462,15.33,817,,,
Nigeria,Central,2022,Lake,3.21,8.27,2.59,3.52,7.4,9.5,1767,,35.72,229,38,27,72.38,14832,67.48,12.73,60.8,1223,29.86,912,,,
Nigeria,Central,2022,Pond,8.12,6.76,4.84,7.67,45.28,16.49,564,Filtration,41.24,316,4,52,24.55,85550,36.5,64.54,38.36,2201,9.75,362,,,
Nigeria,Central,2022,Well,5.02,6.26,1.25,4.85,0.61,9.25,2359,,46.71,372,12,80,92.3,28691,12.53,59.33,32.13,2672,33.08,637,,,
Nigeria,Central,2021,Lake,1.78,7.87,3.54,6.62,5.48,8.61,4980,Boiling,48.63,28,25,86,60.05,95519,84.37,54.4,77.66,411,38.76,540,,,
Nigeria,Central,2021,Spring,1.38,6.45,2.33,5.86,45.49,5.53,2898,Chlorination,57.19,379,21,60,88.98,86300,34.01,73.09,55.24,463,31.37,391,,,
Nigeria,Central,2020,River,8.21,6.62,4.94,4.77,30.23,10.35,3177,Boiling,43.06,149,42,74,99.47,85870,88.13,17.27,52.99,1932,26.28,23,,,
Nigeria,Central,2020,Well,4.49,7.48,1.51,4.91,47.4,19.71,3314,,51.37,326,2,97,78.91,88076,84.35,84.15,74.2,473,24.88,451,,,
Nigeria,Central,2019,Well,6.8,8.09,2.74,5.57,26.13,17.19,4339,Filtration,95.84,62,23,95,64.84,77613,23.7,17.6,95.09,2549,5.96,179,,,
Nigeria,Central,2019,Well,8.15,8.39,0.21,8.33,5.2,6.72,4906,Boiling,37.22,231,36,28,78.53,57426,48.96,19.76,22.06,511,7.1,835,,,
Nigeria,Central,2019,Well,10,6.97,1.84,9.38,48.09,4.11,1602,Chlorination,44.73,488,22,15,85.23,21829,18.07,58.83,51.19,1409,38.59,781,,,
Nigeria,Central,2018,Pond,2.58,7.18,1.97,4.29,14.33,4.35,612,,64.71,263,6,71,91.93,20341,81.07,80.13,66.17,2181,8.8,22,,,
Nigeria,Central,2018,Spring,4.9,6.32,0.22,5.71,19.26,9.24,3217,Boiling,95.51,183,4,75,34.93,2716,40.39,14.45,94.22,1869,26.28,177,,,
Nigeria,Central,2018,Tap,0.81,7.03,4.69,8,29.99,20,3293,Chlorination,78.88,483,27,28,64.54,32214,51.05,19.13,72.5,2891,12.02,432,,,
Nigeria,Central,2018,Well,2.9,6.16,0.78,7.78,19.29,3.7,204,Boiling,67.66,110,28,57,51.24,9521,57.35,36.34,76.86,2929,4.02,888,,,
Nigeria,Central,2017,Pond,0.7,6.38,3.47,7.72,44.84,18.07,1893,Filtration,65.85,302,30,59,3.09,22250,11.1,37.45,87.91,864,38.66,512,,,
Nigeria,Central,2017,Pond,8.32,8.24,0.31,7.16,38.32,19.03,2991,Chlorination,34.46,100,15,93,25.44,40170,68.78,68.49,47.42,1492,16.93,665,,,
Nigeria,Central,2017,River,5.78,8.26,2.04,6.5,10.77,15.81,2470,,48.04,498,16,20,76.38,1780,18.22,55.62,78.59,1528,6.28,215,,,
Nigeria,Central,2016,Pond,3.56,8.12,2.47,4.14,18.42,5.18,4639,Boiling,58.48,475,39,3,60.59,59074,59.79,47.24,54.61,2082,36.32,615,,,
Nigeria,Central,2016,River,0.23,7.5,0.65,3.06,37.27,3.15,277,Boiling,40.56,226,12,83,85.35,16073,34.04,87.34,40.28,2040,23.71,321,,,
Nigeria,Central,2016,Spring,7.67,7.39,4.53,9.1,12.71,15.99,3419,Filtration,56.02,190,19,91,22.32,69896,94.12,36.65,99.96,340,1.66,504,,,
Nigeria,Central,2016,Well,6.53,6.44,0.33,8.42,32.4,16.64,275,Boiling,71.63,126,49,51,72.36,81277,76.65,30.72,32.39,1639,25.89,177,,,
Nigeria,Central,2015,Pond,1.08,7.43,1.45,9.39,47.25,13.49,1932,Filtration,77.75,173,29,20,58.13,1123,58.46,76.86,41.12,1832,26.22,61,,,
Nigeria,Central,2015,Spring,5.13,6.05,2.8,3.63,11.95,17.98,4918,,46.99,218,2,75,37.06,25913,32.82,46.76,38.59,2120,26.06,906,,,
Nigeria,Central,2015,Tap,9.43,6.05,3.05,3.92,0.23,0.08,3852,Filtration,37.38,388,31,68,60.54,38435,27.45,29.71,76.33,1868,21.57,739,,,
Nigeria,Central,2015,Tap,3.17,7.1,1.27,5.05,4.04,6.38,608,Boiling,44.99,219,21,53,42.47,36611,67.27,11.16,29.96,923,35.67,988,,,
Nigeria,Central,2014,Spring,9.32,6.32,0.17,7.62,6.35,11.2,1052,Filtration,34.48,69,24,40,97.12,17546,46.86,26.44,54.3,1430,5,114,,,
Nigeria,Central,2014,Tap,1.75,6.63,3.98,7.63,35.41,16.28,2153,Chlorination,95.72,396,5,86,85.11,55971,51.56,61.65,89.99,753,14.91,109,,,
Nigeria,Central,2014,Well,8.65,6.12,0.55,9.24,24.19,10.88,4785,Chlorination,46.82,137,38,36,13.87,32320,76.68,87.72,36.96,2424,11.01,649,,,
Nigeria,Central,2013,Lake,9.69,6.86,1.27,7.22,12.21,6.3,1025,Boiling,62.02,46,31,18,97.14,42436,51.92,54.71,61.73,605,4.73,53,,,
Nigeria,Central,2013,Well,9.14,6.45,0.62,7.59,45.99,10.23,2493,Chlorination,55.44,261,2,38,4.43,72858,57.11,89.85,78.67,2083,35.73,250,,,
Nigeria,Central,2012,Lake,8.95,6.12,1.62,5.18,2.5,18.94,3306,,57.66,360,31,25,54.96,50868,73.54,37.86,80.93,2273,14.37,772,,,
Nigeria,Central,2012,Pond,6.25,7.2,2.33,6.83,22.45,18.35,1740,Filtration,52.64,392,15,37,82.25,96321,72.14,65.63,79.08,1308,31.22,708,,,
Nigeria,Central,2012,River,2.78,7.54,1.78,4.71,0.11,9.73,2937,Boiling,87.56,496,2,66,25.4,7008,68.79,60.53,74.35,2896,10.14,247,,,
Nigeria,Central,2012,Spring,7.22,7.53,1.82,9.78,33.07,9.19,1427,Filtration,99.27,395,22,8,9.57,33940,68.55,48.66,72.15,2791,20.8,399,,,
Nigeria,Central,2012,Tap,8.81,7.23,2.51,3.29,43.08,7.33,4612,Chlorination,47.7,138,32,56,35.4,33207,19.3,65.62,74.92,2134,10.51,163,,,
Nigeria,Central,2011,Lake,9.94,8,1.5,8.3,37.23,1.24,3704,Filtration,68.34,319,30,29,25.44,5468,96.54,23.41,58.52,309,19.66,609,,,
Nigeria,Central,2011,Spring,7.19,6.34,4.66,4.62,35.79,5.71,3113,Boiling,58.31,403,13,20,43.65,17296,90.69,69.04,48.28,1231,22.65,685,,,
Nigeria,Central,2011,Tap,5.8,7.33,1.68,7.89,30.27,2.24,3001,Chlorination,36.9,41,7,88,3.1,79223,76.37,10.7,29.29,718,37.69,360,,,
Nigeria,Central,2010,Pond,2.96,8.39,3.36,6.22,30.1,5.45,2256,,36.62,300,46,66,15.04,80219,50.84,67.21,62.67,2584,18.18,908,,,
Nigeria,Central,2010,Tap,6.23,7.77,1.48,4.58,10.9,8.47,2728,Boiling,72.81,399,21,7,26.85,94833,8.16,22.83,84.11,1104,26.92,16,,,
Nigeria,Central,2010,Tap,2.24,7.6,2.03,3.74,16.5,10.05,1086,,83.91,257,31,84,80.66,94177,76,48.98,96.28,2957,10.24,38,,,
Nigeria,Central,2009,Lake,7.9,7.76,1.84,9.99,38.17,6.49,48,Chlorination,52.15,450,46,35,66.03,30235,51.9,17.54,70.99,986,32.92,162,,,
Nigeria,Central,2009,River,2.94,6.12,0.2,4.82,33.51,14.15,4178,Chlorination,40.6,243,38,92,36.36,50979,1.04,78.19,69.58,2206,13.88,114,,,
Nigeria,Central,2008,Lake,5.89,6.36,3.04,9.12,2.24,9.06,88,Filtration,86.07,29,40,24,46.14,5065,61.6,58.19,95.95,781,1.37,497,,,
Nigeria,Central,2008,Pond,8.22,7.25,3.99,7.17,38.81,7.08,3420,Boiling,66.33,266,24,93,38.65,82294,15.4,35.21,40.11,1511,30.57,142,,,
Nigeria,Central,2008,Tap,2.22,6.5,0.03,3.74,47.58,15.31,2259,Filtration,62.56,48,47,51,79.58,57826,32.31,38.53,25.32,1335,35.88,780,,,
Nigeria,Central,2007,Well,8.53,6.46,1,4.57,1,8.23,1055,Boiling,53.51,321,23,75,88.17,81641,41.14,72.26,77.68,963,16.98,530,,,
Nigeria,Central,2006,Lake,5.83,7.36,0.37,3.6,44.4,12.16,1046,Chlorination,30.9,204,40,77,99.2,30267,43.88,48.74,98.25,2505,24.85,881,,,
Nigeria,Central,2006,Spring,9.48,6.94,2.22,3.74,6.3,7.48,4657,Chlorination,31.56,365,10,85,84.52,10941,46.27,49.77,48.53,1324,9.47,336,,,
Nigeria,Central,2006,Tap,1.41,7.8,4.95,3.84,11.67,9.42,2148,Boiling,85.95,131,29,56,52.51,77858,92.43,67.91,81.82,548,14.65,413,,,
Nigeria,Central,2005,Pond,3.1,6.29,4.69,3.62,38.5,15.37,1801,Boiling,56.33,427,7,92,21.34,83684,85.83,38.25,54.82,1924,23.09,514,,,
Nigeria,Central,2005,Pond,0.55,6.04,0.73,9.46,4,15.55,1753,Boiling,40.28,206,5,7,22.1,94634,3.13,47.46,59.88,2326,9.2,558,,,
Nigeria,Central,2005,River,0.79,6.52,1.41,6.55,33.66,3.44,2486,Boiling,78.57,495,37,50,65.5,30378,20.25,32.63,51.4,2931,5.98,892,,,
Nigeria,Central,2004,Pond,6.83,6.97,3.84,3.23,34.35,3.89,4452,Chlorination,46.17,220,29,45,50.3,35439,41.15,22.38,54,1865,38.65,124,,,
Nigeria,Central,2004,Spring,6.83,7.36,1.94,3.96,16.74,10.37,3377,Boiling,37.31,279,11,18,94.86,22230,67.72,49.45,91.3,2732,26.14,380,,,
Nigeria,Central,2003,River,6.87,7.26,3.3,3.22,47.09,15.85,533,,68.01,60,30,30,2.78,27096,60.14,18.34,96.87,1960,3.63,343,,,
Nigeria,Central,2003,River,2.97,7.02,3.07,5.31,32.88,7.95,4310,Filtration,71.92,389,6,16,73.69,42609,33.11,36.78,93.82,2902,10.85,716,,,
Nigeria,Central,2002,Tap,5.75,7.82,4.81,3.73,31.37,19.32,864,Chlorination,80.78,355,29,95,73.62,62811,1.88,72.47,91.77,1140,13.02,919,,,
Nigeria,Central,2002,Tap,9.99,8.26,4.18,9.64,18.01,0.53,4996,,95.71,410,25,45,69.72,93804,49.86,43.93,44.32,1209,6.33,76,,,
Nigeria,Central,2001,Tap,5.55,6.3,3.78,4.13,39.31,15.25,1142,Boiling,46.52,466,31,39,86.05,76182,4.73,40.49,31.92,1810,13.62,578,,,
Nigeria,Central,2001,Tap,2.97,7.41,4.7,6.52,35.53,10.14,3696,Boiling,82.84,146,23,39,79.59,43052,64.51,30.87,44.99,2006,1.76,973,,,
Nigeria,Central,2000,Pond,7.1,7.5,2.01,7.62,26.25,8.5,2233,,52.09,36,4,26,48.53,79136,9.84,40.91,45.13,2896,8.44,462,,,
Nigeria,Central,2000,Tap,3.56,7.47,0.94,3.89,8.75,7.23,1636,Chlorination,36.28,429,40,8,51.02,20829,55.95,72.32,96.28,2022,12.75,853,,,
Nigeria,East,2024,Pond,5.13,6.98,2.66,7.52,7.47,10.83,3059,,45.05,275,38,96,36.53,11392,7.83,12.62,71.2,591,21.94,936,,,
Nigeria,East,2024,Spring,1.35,8.05,4.18,5.37,19.15,3.31,1512,Boiling,95.4,303,27,62,7.64,45887,46.95,28.14,87.47,243,30.99,394,,,
Nigeria,East,2024,Tap,0.85,6.38,0.16,6.92,13.93,7.34,2043,Boiling,43.16,453,11,12,16.24,37129,65.01,37.86,20.57,1797,18.79,679,,,
Nigeria,East,2024,Tap,3.79,8.21,4.15,3.35,11.73,19.59,773,Filtration,83.93,360,28,82,26.77,85359,82.11,66.64,26.36,735,10.06,476,,,
Nigeria,East,2023,Lake,9.58,7.31,2.37,7.54,4.68,6.63,2511,Filtration,70.85,324,40,52,76.71,83333,0.96,55.39,77.96,218,18.07,75,,,
Nigeria,East,2023,River,2.44,8.34,3.19,5.77,19.52,2.3,4220,,98.47,92,23,2,26.91,87899,36.37,77.49,61.1,915,33.68,585,,,
Nigeria,East,2023,Spring,4,8.08,1.91,5.67,7.79,7.83,4038,Filtration,42.7,255,9,66,55.04,72780,3.63,63.33,21.23,1946,6.04,574,,,
Nigeria,East,2023,Tap,5.26,7.23,4.39,3.28,47.67,3.63,1336,Filtration,84.17,475,20,0,77.44,87299,44.67,52.49,82.39,1332,35.48,690,,,
Nigeria,East,2022,Tap,3.56,7.94,1.67,7.04,47.42,11.86,2938,,76.36,477,27,99,88.02,6445,82.2,18.4,30.46,1996,19.34,784,,,
Nigeria,East,2021,Spring,5.4,7.29,2.61,8.92,16.01,13.35,3810,,66,424,7,87,89.19,64460,56.21,87.59,52.91,318,35.43,24,,,
Nigeria,East,2020,Lake,3.18,6.32,1.05,3.14,18.27,1.37,980,,80.14,147,22,28,89.76,66684,5.65,31.82,31.71,428,1.74,543,,,
Nigeria,East,2020,Pond,6.37,7.79,0.11,7.72,33.79,9.11,4382,Boiling,36.71,426,19,7,21.65,81819,25.66,46.93,68.53,1328,26.12,638,,,
Nigeria,East,2020,Spring,3.1,7.75,1.77,5.24,30.32,11.25,3209,Chlorination,66.84,315,45,63,23.3,54944,69.43,15.98,85.27,287,25.07,719,,,
Nigeria,East,2020,Tap,1.6,7.31,2.35,5.77,29.6,16.84,89,,54.64,430,5,27,84.63,70939,24.62,67.48,31.11,1889,34.07,26,,,
Nigeria,East,2019,Spring,1.8,7.88,0.67,3.7,21.31,8.77,4422,Boiling,40.64,340,8,15,91.29,19552,93.87,25.38,70.56,923,34.77,93,,,
Nigeria,East,2018,River,6.48,7.65,1.76,9.6,30.02,14.23,1549,Chlorination,35.27,107,8,23,73.39,6043,2.5,88.2,33.75,1756,28.72,289,,,
Nigeria,East,2018,River,5.77,7.16,4.78,6.72,49.66,10.9,473,Chlorination,42.11,190,2,2,49.82,74139,49.16,88.94,29.12,376,19.93,560,,,
Nigeria,East,2018,Spring,4.74,8.15,1.85,8.48,23.07,3.96,154,Filtration,63.16,266,35,21,24.69,42034,90.98,23.72,62.74,475,25.66,800,,,
Nigeria,East,2018,Tap,8.35,8.34,0.53,7.86,41.93,8.64,2926,,60.98,248,44,80,30.41,50053,50.15,17.85,25.43,1248,6.76,187,,,
Nigeria,East,2018,Tap,4.37,6.32,2.49,3.02,38.29,4.98,489,Boiling,90.59,488,29,56,32.09,30216,37.97,78.41,87.08,2332,15.96,545,,,
Nigeria,East,2018,Well,1.4,6.07,4.85,5.54,33.98,18.47,2519,Boiling,47.88,102,5,23,51,20341,75.21,41.58,22.03,1973,20.45,67,,,
Nigeria,East,2017,River,7.72,6.94,0.73,7.32,44.48,15,3641,,68.62,290,45,10,63.78,11337,23.93,57.53,28.48,1077,39.98,526,,,
Nigeria,East,2017,River,4.04,6.23,2.25,7.2,13.43,16.38,576,,33.86,317,12,35,73.52,45656,63.52,42.42,89.64,782,37.76,295,,,
Nigeria,East,2017,Well,8.28,7.33,3.53,6.18,46.22,0.68,1839,Chlorination,56.11,263,25,1,60.27,72372,13.73,49.87,94.19,2432,20.87,836,,,
Nigeria,East,2016,Lake,2.97,7.44,4.28,5.15,48.04,2.72,1837,Chlorination,54.46,88,41,14,84.42,58046,74.45,53.8,70.47,1663,33.31,553,,,
Nigeria,East,2016,River,9.64,7.75,4.53,5.02,35.46,17.12,4983,,54.43,337,17,42,9.08,78990,30.02,23.98,75.22,1295,36.24,19,,,
Nigeria,East,2016,Well,7.91,6.71,1.96,3.12,36.92,6.77,3779,Boiling,57.53,3,33,13,95.66,31166,39.07,71.07,94.25,937,3.79,555,,,
Nigeria,East,2016,Well,9.97,8.36,0.89,8.18,13.33,16.7,3711,Chlorination,80.72,123,44,31,13.49,61838,5.71,12.75,49.43,1699,20.65,353,,,
Nigeria,East,2015,Lake,9.77,8.21,3.11,6.82,23.88,11.56,4958,Boiling,79.1,274,0,45,27.17,63039,51.93,52.05,41.55,1454,29.58,496,,,
Nigeria,East,2015,Pond,5.19,6.43,1.16,8.46,22.97,19.38,3393,Boiling,95.17,306,7,52,47.43,54506,95.96,80.96,75.84,2599,26.55,625,,,
Nigeria,East,2014,Pond,2.59,6.63,4.52,8.05,31.08,14.99,4351,,51.75,38,31,43,54.23,61949,97.69,31.33,43.63,2417,23.82,687,,,
Nigeria,East,2014,Pond,6.71,6.5,1.41,8.22,33.52,10.11,1908,Boiling,33.51,153,41,56,27.99,6489,61.32,85.49,77.39,1981,28.01,657,,,
Nigeria,East,2014,Well,8.02,7.79,2.43,6.6,29.71,1.9,3882,,30.73,269,22,30,10.67,76422,55.71,36.09,54.11,543,33.57,263,,,
Nigeria,East,2013,Spring,7.59,6.99,0.98,6.74,42,4.8,3298,Boiling,62.17,78,2,50,79.34,46749,56.14,87.1,94.96,794,16.85,724,,,
Nigeria,East,2011,Spring,6.94,7,3.19,4.1,7.07,1.31,2596,Chlorination,96.75,451,39,27,88.9,64833,49.41,50.84,69.92,1292,35.31,566,,,
Nigeria,East,2011,Spring,0.33,7.79,2.62,7.18,47.19,5.12,636,,56.88,154,4,1,70.09,55442,93.69,29.65,42.37,2171,22.25,569,,,
Nigeria,East,2010,Lake,5.38,7.3,2.93,4.01,28.37,5.83,1922,,43.6,381,17,30,94.55,82681,19.52,29.12,93.78,2801,31.23,127,,,
Nigeria,East,2010,River,2.6,7.88,2.91,3.27,17.52,11.7,1672,Chlorination,73.03,220,41,82,51.87,88378,78.33,39.81,64.18,2518,4.28,370,,,
Nigeria,East,2009,Pond,0.86,6.55,4.53,3.2,37.29,15.24,561,,97.59,443,38,10,60.32,40356,7.92,30.55,72.53,2260,13.8,502,,,
Nigeria,East,2009,Pond,5.33,6.07,0.98,4.61,47.7,2.92,4178,Chlorination,80.58,78,10,75,42.2,16323,16.1,37.42,35.75,2141,24.39,600,,,
Nigeria,East,2009,Tap,2.65,7.9,0.64,4.32,5.51,5.12,2255,Boiling,89.11,373,6,43,92.22,65652,3.34,64.22,92.82,1765,31.4,389,,,
Nigeria,East,2008,Tap,2.07,6.3,2.93,8.37,12.96,12.64,4815,Filtration,66.06,95,41,81,8.26,15259,92.88,59.26,61.74,246,37.5,960,,,
Nigeria,East,2007,Lake,7.79,8.42,2.83,5.01,44.18,4.23,4062,Filtration,61.12,459,35,73,22.9,6503,20.96,66.13,89.99,1525,26.21,514,,,
Nigeria,East,2007,Lake,5.3,6.4,3.59,7.24,17.22,5.11,722,Chlorination,66.96,413,21,23,37.76,63581,49.75,36.9,67.53,2183,17.38,906,,,
Nigeria,East,2006,Lake,5.63,6.86,2.09,8.65,9.05,7.01,3352,,80.74,276,14,58,98.47,51117,56.12,74.98,33.48,2100,3.74,635,,,
Nigeria,East,2006,River,3.37,6.95,1.99,5.07,49.11,1.26,1944,Boiling,31.37,402,17,33,95.92,41029,94.18,43.56,27.27,2968,38.7,381,,,
Nigeria,East,2006,River,8.67,7.14,1.55,4.57,19.52,9.03,1741,,54.78,81,22,91,62.06,56505,17.23,52.81,64.2,1453,5.91,10,,,
Nigeria,East,2004,Lake,0.32,6.09,2.29,4.97,32.75,11.03,4439,Boiling,37.04,363,25,95,97.23,55339,19.39,64.71,91.8,2044,3.35,115,,,
Nigeria,East,2004,Pond,3.52,7.24,0.26,3.18,38.07,14.42,1537,,45.76,270,6,68,80.11,49834,65.46,61.78,76.99,321,13.23,754,,,
Nigeria,East,2004,River,7.05,6.08,4.41,5.62,31.39,1.32,1605,Filtration,50.99,20,16,87,4.52,45274,98.04,17.09,56.59,1208,34.1,842,,,
Nigeria,East,2004,Tap,9.69,7.06,2.14,7.69,6.79,4.83,78,Chlorination,46.78,52,29,72,44.57,87226,43.62,14.98,72.73,1265,16.11,139,,,
Nigeria,East,2003,River,8.14,8.25,4.28,5.12,10.47,12.07,324,,99.39,57,38,80,15.51,16503,7.15,43.43,78.71,2860,4.05,510,,,
Nigeria,East,2003,Tap,0.31,8.39,1.21,6.46,32.18,4.65,1813,,83.14,196,7,94,30.26,68351,20.37,33.23,52.07,1804,10.99,197,,,
Nigeria,East,2002,Spring,2.08,6.97,0.84,6.12,48.71,13.5,2546,Boiling,65.89,413,19,50,45.11,29439,91.09,77.45,23.25,1229,39.8,586,,,
Nigeria,East,2002,Spring,0.57,6.14,1.46,4.44,11.17,1.06,3934,Boiling,95.09,97,40,49,45.7,25187,98.33,12.12,88.82,2740,9.58,52,,,
Nigeria,East,2002,Tap,2.82,7.4,4.43,9.69,37.58,18.52,359,,36.34,12,28,56,73.77,21255,75.34,15.22,53.06,264,31.64,882,,,
Nigeria,East,2001,Lake,0.44,7.37,0.99,3.57,38.88,0.92,2610,Filtration,64.85,109,44,26,74.31,71308,61.02,55.72,64.42,1325,30.91,982,,,
Nigeria,East,2001,Spring,0.93,7.71,3.11,3.93,40.91,0.26,2882,Chlorination,71.38,433,23,94,86.09,6027,31.4,29.82,22.76,1817,1.59,162,,,
Nigeria,East,2000,Lake,5.52,8.24,2.83,6.44,40.68,10.68,2358,Boiling,44.24,430,12,98,61.18,18629,74.77,76.57,58.19,1001,20.3,88,,,
Nigeria,East,2000,Lake,7.48,6.52,4.05,7.53,18.76,19.99,1355,Filtration,39.8,301,42,99,15.15,48747,90.09,56.91,93.65,2377,21.46,84,,,
Nigeria,East,2000,River,7.96,7.55,1.46,7.68,13.17,0.39,209,Filtration,89.86,312,2,71,24.74,47568,91.4,23.81,87.62,1510,23.33,662,,,
Nigeria,East,2000,River,1.56,7.57,0.33,7.2,15.23,1.79,4620,Chlorination,45.31,247,13,0,51.83,3701,41.89,85.04,94.14,2087,21.77,180,,,
Nigeria,North,2024,River,4.45,8.19,2.77,6.63,9.53,6.6,368,,31.61,482,19,49,17.23,83632,8.71,56.3,93.89,1983,33.85,538,,,
Nigeria,North,2024,Tap,9.33,8.37,3.67,8.19,10.82,4.78,2488,,36.66,40,0,92,16.43,33244,78.27,29.98,85.17,433,33.21,424,,,
Nigeria,North,2023,Tap,4.91,6.85,4.08,8.94,48.59,0.49,2781,Filtration,51.29,205,5,25,23.71,36638,46.28,56.18,67.12,2579,13.67,928,,,
Nigeria,North,2023,Well,3.6,7.54,4.67,9.89,5.75,14.38,3600,,50.52,11,25,45,71.1,39664,45.09,33.19,27.66,1630,24.41,850,,,
Nigeria,North,2022,Lake,4.34,6.43,0.57,3.05,24.17,14.31,2748,,51.39,254,27,50,76.26,95245,28.63,48.96,44.2,1281,31.1,621,,,
Nigeria,North,2022,Pond,0.47,7.13,4.51,3.07,35.89,0.55,573,Boiling,94.52,175,29,35,60.7,86449,21.42,51.25,38.68,1794,30.44,43,,,
Nigeria,North,2021,Pond,2.76,8.18,4.07,4.05,47.02,15.07,2679,Boiling,38.59,47,30,62,43.58,26435,68.31,25.92,40.08,667,32.34,484,,,
Nigeria,North,2021,River,0.88,8.39,1.74,7.41,14.03,9.68,1384,,34.88,250,22,12,60.39,14366,28.28,61.91,81.56,2472,10.47,484,,,
Nigeria,North,2021,Well,0.11,8.25,0.61,8.85,4.67,0.09,352,Filtration,96.05,146,19,23,5.49,95756,47.55,80.85,74.77,2993,32.31,864,,,
Nigeria,North,2020,Pond,9.77,8.26,0.76,5.81,0.64,10.99,968,Boiling,58.88,269,27,91,13.42,22225,46.22,31.65,21.07,1397,39.02,337,,,
Nigeria,North,2020,River,5.67,6.26,0.47,5.04,23.35,17.97,553,Boiling,33.49,229,1,80,7,13967,65.1,13.74,63.35,1310,10.23,180,,,
Nigeria,North,2020,Tap,8.65,6.31,2.61,7.32,7.72,13.64,2953,,92.31,182,12,98,42.71,75917,11.97,64.91,29.56,212,28.85,82,,,
Nigeria,North,2020,Tap,0.31,7.91,0.08,5.15,46.66,10.73,3163,Chlorination,73.74,245,40,39,34.09,72965,63.1,66.84,26.21,840,2.54,395,,,
Nigeria,North,2019,Lake,8.13,8.33,4.77,7.62,38.05,16.98,3810,Boiling,81.72,49,34,34,71.11,79148,6.91,22.89,78.45,2699,33.21,67,,,
Nigeria,North,2019,River,5.79,6.4,3.11,4.15,9.24,8.86,472,Chlorination,53.67,161,5,16,36.74,61004,57.63,56.26,44.95,1481,33.05,396,,,
Nigeria,North,2017,Lake,3.62,6.36,4.71,6.02,47.77,13.51,4391,,39.25,399,6,39,92.55,79975,78.43,48.74,42.1,853,4.31,631,,,
Nigeria,North,2017,Pond,8.01,7.77,3.44,8.07,38.74,16.63,3529,Boiling,64.31,441,35,4,87.34,15798,14.83,18.89,54.97,933,27.98,767,,,
Nigeria,North,2017,River,1.68,7.68,1.42,5.13,41.18,19.26,4768,Boiling,65.54,270,47,42,12.15,69693,63.8,23.16,64.03,630,26.62,81,,,
Nigeria,North,2017,Spring,9.32,7.76,0.71,4.93,49.82,6.18,3014,,97.55,425,19,91,41.75,8826,91.1,15.2,27,1792,19.36,728,,,
Nigeria,North,2017,Tap,1.81,7.51,2.61,5.81,42.02,15.97,4236,Boiling,84.21,41,25,62,98.32,84846,9.27,62.59,20.6,1790,27.14,840,,,
Nigeria,North,2017,Tap,5.36,7.9,0.36,3.65,13.62,1.72,945,,82.35,212,14,41,56.03,63342,34.04,29.36,45.15,2357,16.6,50,,,
Nigeria,North,2016,Lake,6.96,6.87,4.28,8.97,9.01,2.22,1885,Boiling,82.17,282,24,43,17.81,3392,53.16,63.07,42.82,214,27.31,992,,,
Nigeria,North,2016,River,4.17,6.33,2.41,4.21,45.92,10.03,4097,,92.45,395,1,34,59.3,48948,37.69,88.09,88.94,2220,2.08,967,,,
Nigeria,North,2015,Pond,9.64,7.98,2.7,3.54,7.73,8.65,1231,Boiling,88.39,320,45,96,95.26,70080,71,78.48,82.94,1133,21.15,371,,,
Nigeria,North,2015,River,9.59,6.94,0.53,6.5,9.6,19.32,765,Filtration,91.39,217,40,85,45.29,40432,79.79,49.32,38.47,2760,32.11,689,,,
Nigeria,North,2015,River,4.94,8.32,2,7.25,12.21,7.46,313,Chlorination,39.38,132,21,20,82.54,38653,18.93,20.37,60.09,2679,9.3,66,,,
Nigeria,North,2015,Tap,1.65,8.45,4.79,6.25,20.8,2.71,3215,Filtration,66.65,436,10,79,51.51,75213,75.86,70.98,63.04,2647,5.18,255,,,
Nigeria,North,2014,Spring,7.03,6.73,3.93,7.72,38.24,6.63,1024,,55.01,220,11,59,51.59,49613,71.88,75.93,66.29,1586,11.63,845,,,
Nigeria,North,2013,Lake,2.95,6.51,1.87,4.03,28.81,4.02,3166,Boiling,49.64,170,29,68,73.23,64243,76.94,53.18,92.01,514,7.71,917,,,
Nigeria,North,2013,River,3.57,6.69,0.33,7.63,17.68,11.24,1143,Boiling,96.85,446,13,93,60.22,49015,14.62,72.13,79.92,2628,23.97,381,,,
Nigeria,North,2013,River,1.19,6.36,1.18,5.48,14.75,0.66,2340,Boiling,79.71,200,48,72,42.2,70484,22.66,50.7,20.69,2432,7.39,93,,,
Nigeria,North,2013,Well,3.22,6.79,1.95,8.03,21.19,11.41,2972,Boiling,99.51,272,7,50,48.84,54039,83.26,42.97,54.94,2328,1.04,232,,,
Nigeria,North,2012,Lake,6.45,7.15,1.51,6.23,20.31,15.45,1766,,76.77,326,32,92,33.81,65626,26.67,37.75,21.31,312,30.15,965,,,
Nigeria,North,2012,River,4.75,6.73,4.31,6.2,39.26,18.4,1185,,92.34,129,43,87,11.46,83852,82.29,77.09,50.78,2135,1.76,116,,,
Nigeria,North,2012,River,8,8.25,2.76,5.29,49.86,17.05,1233,Filtration,59.33,493,19,89,85.95,95126,73.88,45.14,38.63,2729,38.89,349,,,
Nigeria,North,2011,Lake,7.25,6.85,0.73,3.29,32.34,15.46,753,Boiling,42.23,119,41,16,32.51,41704,37.1,36.64,86.72,1725,0.98,928,,,
Nigeria,North,2011,Tap,9.52,8.42,2.83,9.56,19.27,16.27,234,Boiling,86.89,376,40,80,82.27,21886,90.93,29.62,53.18,2428,2.5,220,,,
Nigeria,North,2011,Tap,8.89,6.51,3.92,9.97,15.89,14.91,1129,Boiling,43.91,459,28,63,42.39,54507,62.01,67.31,90.2,289,16.17,678,,,
Nigeria,North,2011,Well,6.83,7.88,4.91,3.96,49.87,2.45,115,,74.63,291,33,36,45.41,72246,61.6,22.4,43.05,2700,24.16,351,,,
Nigeria,North,2011,Well,8.57,6.45,0.95,8.36,21.1,18.57,3197,,97.88,188,24,14,55.07,21804,38.94,80.77,63.02,653,31.84,561,,,
Nigeria,North,2011,Well,8,6.4,0.85,7.24,47.79,19.67,638,Boiling,56.79,351,26,6,42.44,38813,46.7,16.09,29.53,2614,25.58,503,,,
Nigeria,North,2010,Pond,9.04,6.94,1.39,5.92,40.23,16.32,4424,Chlorination,59.92,63,17,33,91.86,49525,22.01,31.08,79.3,368,35.64,726,,,
Nigeria,North,2010,River,3.59,8.4,2.42,3.11,26.4,5.34,4206,Chlorination,94.94,247,25,0,87.07,62515,3.15,58.71,39.6,2340,27.2,801,,,
Nigeria,North,2010,Tap,9.29,7.73,0.4,4.35,23.29,16.77,2366,Chlorination,38.42,197,4,64,83.95,52314,1.83,43.58,80.49,2294,28.32,260,,,
Nigeria,North,2009,Spring,4.31,8.15,3.98,9.43,11.3,5,2256,Boiling,31.22,168,16,48,51.35,83360,81.71,36.41,67.46,715,25.6,334,,,
Nigeria,North,2009,Tap,6.26,6.95,4.87,4.56,0.64,6.01,3035,,94.7,279,24,68,44.34,2717,64.35,38.75,21.28,2440,7.76,806,,,
Nigeria,North,2009,Well,5.6,6.6,1,3.39,45.67,0.34,1730,Chlorination,80.52,8,17,29,72.69,46109,43.67,66.43,48.44,2754,1.43,856,,,
Nigeria,North,2008,Lake,1.31,8.14,1.03,4.73,7.29,16.35,922,Boiling,32.92,399,6,85,58.28,39815,28.12,81.07,92.3,2028,36.3,367,,,
Nigeria,North,2008,River,2.39,8.07,1.95,7.47,38.03,16.2,2727,Filtration,90.06,118,24,88,69.75,46269,92.81,30.61,51.19,2279,29.33,15,,,
Nigeria,North,2008,Spring,0.13,6.99,1.91,7.81,3.27,2.46,4820,Chlorination,89.46,131,3,19,5.39,73703,70.46,47.3,65.87,859,4.58,168,,,
Nigeria,North,2008,Tap,1.06,6.06,0.04,3.19,46.85,0.26,1109,,43.67,137,20,36,51.28,34488,77.97,78.53,61.89,584,39.39,142,,,
Nigeria,North,2006,Pond,7.82,7.16,0.18,9.25,19.75,11.85,4067,Filtration,42.07,405,44,3,85.01,54923,78.34,38.3,70.37,1989,8.85,70,,,
Nigeria,North,2006,Spring,9.17,7.26,4.04,5.83,16,16.11,1356,,70.85,256,20,43,46.66,15516,37.76,78.43,85.83,922,32.18,437,,,
Nigeria,North,2006,Tap,3.25,6.5,2.08,6.54,3.82,1.73,4512,,34.78,148,34,98,62.78,34186,75.06,40.49,30.91,2759,16.57,491,,,
Nigeria,North,2005,River,7.54,7.01,1.7,8.16,22.02,10.98,3610,Filtration,35.39,165,5,75,80.96,98940,97.13,27.23,38.69,784,7.62,584,,,
Nigeria,North,2005,Tap,2.34,6.1,4.36,4.89,24.27,5.87,1525,Chlorination,65.81,268,12,10,44.81,7099,95.24,41.15,34.4,2438,23.77,547,,,
Nigeria,North,2004,Spring,4.46,7.22,0.33,9.96,30.73,16.48,3659,Filtration,35.15,281,46,56,89.99,55315,50.53,32.89,49.39,2511,7.54,530,,,
Nigeria,North,2004,Well,0.34,7.23,0.54,3.79,12.14,5.6,4087,Chlorination,50.68,258,17,23,31.87,18362,73.03,31.82,65.88,2066,1.38,241,,,
Nigeria,North,2003,River,3.73,8.02,0.73,4.27,35.56,4.27,4852,Chlorination,32.89,135,16,53,96.21,42794,33.03,78.84,76.23,559,33.57,754,,,
Nigeria,North,2003,River,1.88,7.08,4.06,9.29,31.32,13.71,3740,Filtration,80.73,382,17,1,65.25,62458,82.52,38.3,78,1888,22.81,118,,,
Nigeria,North,2003,River,3.19,7.4,3.27,4.79,17.19,11.94,4571,Boiling,47.03,105,40,48,67.47,31016,54.7,27.16,75.83,2565,21.81,619,,,
Nigeria,North,2003,River,8.27,6.88,1.53,7.2,20.5,18.74,4616,Chlorination,49.43,171,28,45,7.59,91091,25.06,79.56,41.29,2421,36.05,925,,,
Nigeria,North,2002,Pond,7.05,7.24,4.9,7.81,28.25,4.41,3645,Boiling,77.41,271,19,0,87.26,89907,72.23,15.04,48.06,338,29.6,262,,,
Nigeria,North,2002,Pond,6.7,6.24,4.18,6.14,31.82,9.27,2006,Boiling,89.65,98,45,28,39.14,97262,14.37,16.07,67.36,850,20.46,320,,,
Nigeria,North,2001,Tap,4.49,6.61,1.1,8.38,44.8,12.85,3281,,97.13,437,1,50,2.73,86583,53.02,64.32,88.21,1673,28.77,758,,,
Nigeria,North,2000,Tap,6.3,8.16,2.71,4.52,18.46,12.51,3901,Boiling,92.14,479,28,91,3.13,34532,65.06,58.03,36.02,447,17.13,609,,,
Nigeria,South,2024,Well,2.14,7.76,4.06,3.81,19.85,14.68,2476,Chlorination,58.82,188,14,5,22.77,45149,1.54,21.79,98.41,1414,24.19,326,,,
Nigeria,South,2020,River,9.5,6.53,1.33,6.2,47.16,15.3,2105,Chlorination,98.64,77,27,37,36.19,68836,18.36,25.78,64.5,1032,12.45,591,,,
Nigeria,South,2020,Tap,7.37,7.29,1.37,8.34,14.74,11.43,1948,,73.13,192,30,87,92.59,36881,10.39,78.96,27.81,592,21.62,286,,,
Nigeria,South,2020,Well,3.68,8.09,3.48,9.62,18.44,10.99,3827,Chlorination,36.54,7,41,2,28.47,3309,27.87,30.82,87.58,2373,10.33,620,,,
Nigeria,South,2019,Spring,5.35,6,1.89,9.77,24.58,1.82,2532,Filtration,43.09,351,32,77,37.96,70558,84.74,11.4,54.8,1640,32.4,54,,,
Nigeria,South,2019,Spring,2.53,6.25,4.31,4.08,27.38,0.9,2366,,89.52,189,45,42,60.57,47800,5.26,35.99,41.35,615,20.18,495,,,
Nigeria,South,2019,Tap,9.77,8.34,3.31,7.73,42.61,11.87,3567,Chlorination,57.69,198,21,87,27.51,53983,70.61,16.07,27.68,2495,33.93,975,,,
Nigeria,South,2018,Lake,4.04,8.18,0.79,4.35,8.52,16.11,3103,Chlorination,37.11,84,44,36,97.55,98725,83.73,65.18,84.24,2618,18.93,558,,,
Nigeria,South,2018,Lake,5.49,7.68,4.36,9.6,8.93,0.19,1029,,84.24,81,6,10,88.35,11345,96.14,10.03,44.51,1594,12.94,33,,,
Nigeria,South,2018,Pond,9.79,8.06,2.65,5.5,29.02,5.08,4973,Boiling,68.8,79,11,2,77.87,16240,73.98,83.29,66.49,664,38.65,85,,,
Nigeria,South,2018,River,8.06,8.04,0.19,8.81,17.61,0.59,1639,,67.28,135,41,77,73.53,89529,7.37,76.44,98.3,2012,14.3,47,,,
Nigeria,South,2018,Spring,0.09,7.46,4.34,7.31,47.34,16.26,4097,,50.2,84,14,37,68.15,89685,89.25,55.17,25.07,900,14.59,673,,,
Nigeria,South,2018,Tap,0.41,6.63,2.85,5.72,28.77,6.73,2013,Boiling,47.79,286,28,90,58.11,2129,71.87,78.44,45.98,2621,39.4,426,,,
Nigeria,South,2018,Tap,6.01,7.44,1.63,9.3,11.57,7.29,2386,,88.02,440,47,1,21.59,70036,1.15,22.32,89.79,1203,36.42,411,,,
Nigeria,South,2018,Well,2.66,7.39,3.22,6.03,23.49,4.81,389,,35.64,264,20,30,3.38,47858,87.38,33.96,86.7,2391,23.18,280,,,
Nigeria,South,2017,Lake,7.35,7.98,4.63,5.09,3.07,3.95,1702,Boiling,76.63,130,49,38,19.8,91811,92.64,31.46,84.19,1703,28.09,688,,,
Nigeria,South,2017,Pond,1.94,6.18,2.53,3.55,22.33,10.63,3942,Filtration,34.57,211,27,13,36.09,58986,8.38,48.14,60.6,1257,29.62,15,,,
Nigeria,South,2017,River,2.15,6.64,4.04,4.36,1.7,1.2,1960,Boiling,41.26,233,16,61,13.99,31686,32.89,52.93,91.66,984,36.59,161,,,
Nigeria,South,2017,Tap,1.62,8.15,3.08,8.73,2.08,19.17,3840,Boiling,52.67,122,48,20,53.75,22507,51.21,84.15,25.08,563,16.33,227,,,
Nigeria,South,2016,Pond,8.16,7.87,1.25,6.02,10.56,14.54,4095,Chlorination,37.28,232,36,25,86.81,64748,62.09,12.82,24,2714,19.78,84,,,
Nigeria,South,2016,River,8.05,6.15,1.18,5.82,41.36,6.5,2283,,69.22,92,40,43,58.61,60470,9.08,65.8,61.17,2138,23.65,513,,,
Nigeria,South,2016,Well,8.34,7.73,0.65,4.48,37.08,2.16,3193,Chlorination,36.89,493,28,55,14.28,91347,11.3,27.99,29.25,2675,12.01,419,,,
Nigeria,South,2015,Pond,2.49,8.37,4.31,5.19,43.8,16.42,4612,,76.16,51,17,37,31.78,50715,74.96,21.28,66.89,2336,4.16,52,,,
Nigeria,South,2015,River,4.7,6.4,1.47,4.8,31.27,9.27,3157,,91.39,169,39,12,83.39,41681,82.72,25.29,30.73,2904,19.88,221,,,
Nigeria,South,2014,Spring,9.29,6.05,4.15,7.02,16.28,7.74,2454,,90.97,468,3,50,89.46,17946,0.55,26.18,49.15,2559,29.31,710,,,
Nigeria,South,2014,Tap,3.74,7.07,4.21,4.07,0.48,8.77,1508,,60.45,384,20,23,88.03,44972,14.96,45.78,77.59,2168,1.51,795,,,
Nigeria,South,2014,Tap,9.57,6.72,1.84,3.7,40.51,14.62,3013,Chlorination,84.52,491,47,23,5.9,24318,2.6,86.34,98.79,2957,37.26,851,,,
Nigeria,South,2014,Tap,3.47,6.68,3.53,5.68,10.19,5.61,3185,Boiling,30.69,11,26,10,74.96,31123,8.45,32.14,77.07,1595,2.14,146,,,
Nigeria,South,2014,Tap,9.71,8.23,2.25,5.13,7.11,1.35,2428,Filtration,90.48,407,20,1,91.13,80492,84.86,75.52,78.82,355,6.31,989,,,
Nigeria,South,2013,River,8.4,8.25,0.26,3.75,31.05,10.27,4274,,53.22,488,35,67,37.29,46266,94.99,68.47,32.92,2900,7.33,674,,,
Nigeria,South,2012,Lake,4.7,7.59,4.95,5.25,19.25,14.27,2308,Chlorination,51.11,318,35,39,34.29,2166,15.58,73.4,64.63,2681,17.5,200,,,
Nigeria,South,2011,Lake,4.96,6.39,2.61,6.76,21.54,13.28,1225,,73.72,425,41,38,25.36,40557,20.18,19.92,45.13,520,27.12,542,,,
Nigeria,South,2011,Pond,7.19,6.57,3.21,6.62,13.81,1.45,437,Chlorination,99.12,389,26,83,46.78,75295,45.59,56.28,70.35,311,5.3,540,,,
Nigeria,South,2011,Spring,1.02,7.93,0.38,5.71,7.25,15.55,4671,Boiling,66.49,317,40,63,61.58,21707,81.43,13.68,89.71,1364,33.7,200,,,
Nigeria,South,2011,Well,9.42,7.01,2.26,4.47,21.7,16.96,2932,Boiling,72.42,376,24,32,36.14,41377,38.94,57.08,60.56,703,22.84,230,,,
Nigeria,South,2011,Well,8.41,8.5,0.41,5.6,48.01,7.32,4496,Chlorination,88.31,342,29,77,82.15,96588,71.44,60.27,97.68,249,23.55,250,,,
Nigeria,South,2010,Well,7.61,8.46,2.25,4.74,32.98,3.69,2647,Chlorination,87.44,88,6,19,49.89,75830,68.06,29.45,20.37,1204,24.78,709,,,
Nigeria,South,2009,Tap,9.77,6.68,0.1,9.21,40.79,0.96,2333,,82.98,23,3,58,63.96,67891,6.23,83.49,20.91,2407,2.02,20,,,
Nigeria,South,2009,Tap,3.12,6.63,4.09,3.48,49.94,16.29,1093,Chlorination,83.36,455,12,3,47.48,44189,36.52,86.03,69.76,2404,3.13,985,,,
Nigeria,South,2008,Lake,0.19,6.52,2.98,3.7,49.61,1.73,123,Chlorination,73.81,458,33,80,13.59,79994,97.56,16.34,28.23,2134,6.94,813,,,
Nigeria,South,2007,River,6.22,8.04,2.17,8.31,7.76,8.38,2241,Boiling,46.36,126,39,12,92.17,35888,55.83,26.4,76.68,1864,33.11,669,,,
Nigeria,South,2007,Spring,5.11,6.17,0.19,4.44,23.8,2.75,3225,,80.01,0,24,54,31.29,25123,48.48,77.92,97.09,2623,8.02,97,,,
Nigeria,South,2007,Tap,4.38,6.19,4.99,3.47,9.51,8.83,4661,Chlorination,90.52,15,35,31,82.19,81613,89.88,22.55,49.65,1131,20.97,715,,,
Nigeria,South,2006,Spring,2.5,8.23,2.43,8.58,48.02,10.66,4986,Boiling,77.47,277,30,93,20.43,96809,4.94,75.51,26.68,2786,3.25,642,,,
Nigeria,South,2005,Lake,1.45,7.44,1.65,6.52,47.88,18.53,1800,Chlorination,72.26,276,21,26,23.39,31351,82.36,49.58,89.99,2991,30.94,23,,,
Nigeria,South,2005,Tap,6.78,8.43,3.03,9.21,22.02,11.16,2597,Filtration,76.61,402,4,25,51.75,18270,92.93,56.55,98.28,1098,5.2,46,,,
Nigeria,South,2004,Lake,7.77,8.18,1.79,9.14,9.25,10.47,571,Boiling,64.43,449,49,18,12.18,60547,98.17,76.86,88.33,869,20.94,99,,,
Nigeria,South,2004,Pond,5.63,8.05,4.76,4.76,38.98,12.3,869,,58.23,305,2,8,24.8,63439,82.48,76.65,76.74,2581,22.05,951,,,
Nigeria,South,2004,Well,2.25,8.4,4.58,8.41,4.53,0.49,4189,Chlorination,46.5,114,6,12,27.99,47692,59.76,55,24.21,2714,33.12,517,,,
Nigeria,South,2004,Well,3.96,6.13,3.14,7.71,28.32,7.56,2140,Chlorination,47,127,7,48,79.01,39503,91.74,22.59,49.18,2216,36.55,305,,,
Nigeria,South,2004,Well,1.49,6.76,4.49,8.9,45.7,16.6,3911,,98.86,84,6,73,10.46,62937,34.99,55.33,78.83,2260,34.17,158,,,
Nigeria,South,2004,Well,8.02,7.42,0.4,3.35,8.61,15.14,2739,Chlorination,35.32,419,35,44,52.34,58818,71.23,18.79,50.3,210,22.21,336,,,
Nigeria,South,2004,Well,4.53,6.58,2.8,9.79,46.02,19.97,535,,89.09,415,3,4,57.63,96016,80.78,73.17,92.07,1570,39.73,989,,,
Nigeria,South,2003,River,1.13,7.08,2.39,7.69,0.93,6.45,3266,Chlorination,44.19,431,12,34,95.08,85146,78.02,32.31,46.45,1329,9.58,777,,,
Nigeria,South,2003,Tap,6.41,6,1.74,3.09,18.76,13.13,2337,Chlorination,34.49,199,23,27,29.97,41606,11.7,87.01,27.74,2852,28.37,433,,,
Nigeria,South,2002,Well,2,7.8,3.95,3.89,46.39,6.69,938,Boiling,96.43,278,3,73,57.05,13513,56.34,27.95,42.85,2372,8.42,584,,,
Nigeria,South,2001,Well,3.27,7.55,3.59,5.46,18.12,3.45,3683,Boiling,93.63,367,15,19,4.88,49073,48.75,68.45,45.38,2322,26.88,865,,,
Nigeria,West,2024,Lake,4.49,7.41,2.83,9.27,39.95,14.1,2779,Filtration,92.1,143,35,51,99.78,51194,42.43,46.36,94.2,2344,17.12,608,,,
Nigeria,West,2024,Lake,8.08,7.14,1.39,7.57,49.83,17.01,1297,Filtration,48.06,134,33,54,95.67,70510,15.61,75.42,42.1,2788,5.98,489,,,
Nigeria,West,2024,Pond,5.23,7.65,0.9,9.44,4.86,0.43,3436,,62.56,116,2,43,6.58,83463,90.36,73.45,77.58,2003,3.86,285,,,
Nigeria,West,2024,River,3.83,8.16,0.71,9.52,22.65,17.79,108,Chlorination,61.85,259,43,39,70.69,70910,99.62,66.06,81.85,866,11.16,498,,,
Nigeria,West,2024,Tap,3.17,6.33,1.56,4.61,30.93,7.58,1478,Filtration,42.3,143,3,75,47.24,24826,47.97,40.21,32.52,1923,6.83,921,,,
Nigeria,West,2024,Well,1.61,7.01,2.33,4.34,21.18,0.35,4172,,34.39,256,15,93,97.67,99587,2.6,66.74,54.83,1804,32.19,421,,,
Nigeria,West,2024,Well,2.59,6.64,1.97,4.68,7.56,5.24,452,Boiling,52.68,294,17,34,76.97,1808,32.4,20.12,65.86,424,26.8,107,,,
Nigeria,West,2023,Lake,5.14,6.14,4.06,3.28,31.44,12.95,2493,Boiling,73.99,140,44,39,14.04,15322,77.16,16.45,63.37,2461,20.81,885,,,
Nigeria,West,2023,Well,7.56,6.37,1.42,8.78,24.4,7.94,4567,,93.38,75,4,29,76.55,62665,80.23,83.9,31.52,1793,17.51,45,,,
Nigeria,West,2023,Well,7.42,6.71,0.31,4.34,32.66,6.66,798,,38.35,58,2,14,76.59,12644,78.08,31.54,44.33,1500,38.45,385,,,
Nigeria,West,2022,Pond,3,7.13,1.32,9.74,38.19,0.64,1998,Chlorination,38.68,198,7,61,79.24,57802,30.27,19.11,54.94,1608,32.75,418,,,
Nigeria,West,2022,Spring,9.99,7.29,2.83,8.93,31.09,0.14,3742,Boiling,88.73,233,36,58,2.36,74955,94.1,32.54,80.99,1353,34.58,804,,,
Nigeria,West,2021,Lake,2.42,7.8,0.6,4.5,4.88,13.99,2262,Chlorination,77.44,374,27,83,72.45,84446,71.8,62.37,43.2,2132,29.73,650,,,
Nigeria,West,2021,Lake,2.24,6.94,2.33,5.57,3.98,4.13,3833,Filtration,58.14,114,42,90,64.38,54285,1.16,33.88,33.82,1888,16.94,134,,,
Nigeria,West,2021,Spring,1.16,8.28,4.4,5.87,9.31,19.6,2075,Chlorination,43.09,314,44,11,29.29,25571,97.82,60.51,73.2,993,13.36,317,,,
Nigeria,West,2021,Spring,4.82,8.24,1.74,8.81,31.9,8.66,611,Chlorination,56.48,239,10,62,97.23,61425,53.24,21.79,91.58,1824,14.25,791,,,
Nigeria,West,2021,Tap,8.79,6.04,4.15,4.43,14.08,6.26,774,,76.41,104,34,41,15.95,9779,58.64,76.22,46.65,2859,36.78,249,,,
Nigeria,West,2020,Pond,7.04,7.93,0.35,8.97,36.33,17.97,1563,Chlorination,77.68,35,18,49,54.3,98940,50.7,38.57,43.52,2039,29.07,113,,,
Nigeria,West,2020,River,8.36,8.3,1.12,3.9,38.78,11.63,1497,Boiling,74.78,399,44,10,51.31,91830,30.97,82.78,81.9,2177,10.03,561,,,
Nigeria,West,2020,Tap,0.65,7.45,1.04,6.78,29,11.41,940,Filtration,66.16,292,41,62,61.73,46468,32.4,49.07,28.79,2657,36.86,910,,,
Nigeria,West,2020,Well,2.28,6.56,3.35,3.41,12.39,8.52,3813,Chlorination,63.09,40,45,4,16.94,48879,62.42,77.98,92.57,1143,31.79,748,,,
Nigeria,West,2019,River,5.23,6.3,4.97,4.4,25.54,11.95,3612,Filtration,61.36,44,25,42,10.19,19610,87.36,48.76,75.29,378,19.27,813,,,
Nigeria,West,2019,River,2.43,7.93,3.14,7.59,22.83,12.23,1069,Chlorination,67.97,138,40,19,78.56,42826,91.5,71.94,54.34,230,30.67,727,,,
Nigeria,West,2019,River,8.1,6.75,3.24,3.5,31.21,5.34,2183,Filtration,47.85,265,39,41,78.82,15189,94.89,26.01,44.81,580,12.31,624,,,
Nigeria,West,2019,River,9.6,6.95,2.36,4.12,49.71,0.87,14,Filtration,90.13,129,44,89,78.63,88742,49.22,45.89,74.8,2912,28.27,566,,,
Nigeria,West,2019,Spring,4.45,6.15,2.09,7.47,45.64,3.16,2715,Boiling,87.27,90,17,96,50.16,63630,58.69,35.27,64.48,2843,26.03,929,,,
Nigeria,West,2019,Tap,9.01,6.75,3.66,7.43,14.93,18.61,1994,Filtration,55.6,134,21,72,50.07,73525,54.9,88.79,23.61,2216,29.14,212,,,
Nigeria,West,2019,Well,1.63,7.85,2.4,6.58,43.24,7.77,2515,,70.43,487,37,71,85.25,4250,46.95,39.4,68.63,1526,6.59,793,,,
Nigeria,West,2018,Tap,2.43,8.03,4.58,8.26,40.67,13.2,1246,Filtration,83.46,145,22,66,51.56,18398,84.77,37.74,93.61,1362,26.38,814,,,
Nigeria,West,2017,Pond,3.83,7.51,4.82,8,32.98,5.39,4197,Filtration,61.9,277,25,32,58.4,51087,36.24,84.21,92.24,507,29.66,967,,,
Nigeria,West,2016,River,0.74,8.32,3.93,3.95,24.84,16.42,3732,Filtration,76.52,287,30,31,72.83,8282,42.93,54.47,48.29,2150,16.34,257,,,
Nigeria,West,2015,Spring,5.33,6.42,3.2,7.06,22.66,3.93,2034,,55.01,329,4,26,75.06,16081,15.58,47.3,31.77,325,4.27,593,,,
Nigeria,West,2015,Well,6.51,8.24,0.05,9.65,26.64,10.77,909,Boiling,69.67,177,16,99,31.93,28298,94.19,37.64,40.34,2379,32.92,744,,,
Nigeria,West,2015,Well,6.86,8.17,1.65,8.78,23.71,14.96,995,Chlorination,60.7,407,48,56,31.21,69739,50.79,35.07,65.67,323,39.21,833,,,
Nigeria,West,2014,Spring,9.31,6.45,3.15,6.3,44.51,12.27,4482,Chlorination,90.56,37,8,4,22.84,11334,59.73,61.98,74.4,1489,13.29,780,,,
Nigeria,West,2014,Tap,8.56,6.02,1.84,5.5,9.25,1.98,2116,Chlorination,45.9,365,28,88,12.87,13246,48.35,17.2,34.11,2903,19.94,172,,,
Nigeria,West,2013,Lake,8,8.12,0.64,6.54,28.04,5.58,820,Filtration,79.01,188,20,92,13.86,70090,61.75,57.9,21.26,2175,31.74,965,,,
Nigeria,West,2013,River,5,7.52,2.31,3.5,22.59,14.76,1565,Chlorination,85.64,277,38,76,45.2,9091,18.7,85.99,64.37,292,36.7,98,,,
Nigeria,West,2013,Well,6.34,8.45,3.4,5.91,25.96,9.56,2625,,44.21,422,38,53,67.48,57765,74.23,76.7,72.01,1963,19.64,481,,,
Nigeria,West,2011,Spring,8.37,8.17,2.68,4.05,9.36,1.62,4965,,95.25,446,23,8,88.03,13042,40.55,19.39,29.82,664,23.48,146,,,
Nigeria,West,2010,River,0.83,7.32,1.97,9.01,31.26,1.25,4422,Chlorination,64.79,246,47,83,34.78,85587,99.69,53.3,56.26,1458,34.48,962,,,
Nigeria,West,2010,Spring,4.93,6.73,0.95,4.23,18.72,17.71,2512,Filtration,57.9,136,33,97,4.39,30405,65.43,44.58,49.35,1454,9.82,704,,,
Nigeria,West,2009,Pond,2.94,7.31,1.19,8.45,11.41,1.5,92,Filtration,50.91,228,20,6,91.77,7888,64.71,49.72,68.47,2026,8.74,86,,,
Nigeria,West,2008,Pond,0.21,6.99,1.04,4.37,36.46,5.15,664,Chlorination,88.42,459,32,98,73.73,7995,20.31,18.36,37.54,1358,16.58,95,,,
Nigeria,West,2007,Spring,5.94,6.56,4.02,9.15,44.21,10.49,3447,Filtration,44.75,72,9,81,35.92,47186,96.76,71.73,96.09,2721,19.39,209,,,
Nigeria,West,2007,Spring,4.64,6.11,3.55,9.4,31.77,3.32,1041,Chlorination,50.14,183,20,54,97.58,54547,45.92,17.12,66.59,2051,9.08,899,,,
Nigeria,West,2007,Well,3.88,6.97,2.59,3.21,21.73,0.41,3160,Chlorination,86.03,243,34,38,75.84,14616,91.16,74.24,46.34,996,8.88,76,,,
Nigeria,West,2006,River,6.25,7.69,3.43,6.66,43.32,4.89,2015,,43.33,4,18,9,80.17,38043,31.42,59.96,30.07,500,17.45,114,,,
Nigeria,West,2005,Pond,3.58,7.01,0.16,3.41,28.63,5.91,4387,,75.16,390,13,5,3.99,32160,81.16,60.92,32.76,980,10.68,151,,,
Nigeria,West,2005,Pond,7.07,7.51,0.9,4.63,34.29,19.29,4595,Boiling,82.43,6,19,48,98.97,51790,68.05,13,24.16,2800,15.96,948,,,
Nigeria,West,2005,River,9.66,6.89,4.74,5.35,43.94,8.07,4275,,61.36,287,43,38,33.4,79852,0.64,34.79,93.28,2162,22.5,595,,,
Nigeria,West,2004,River,3.39,7.32,3.97,9.17,12.11,18.89,665,Boiling,78.52,45,33,88,72.08,62313,26.7,85.27,88.67,600,18.51,824,,,
Nigeria,West,2004,River,9.19,8.32,1.34,4.01,23.98,17.42,2925,Filtration,35.91,139,48,96,50.87,37401,46.15,31.36,30.28,1377,13.38,635,,,
Nigeria,West,2004,Spring,9.04,8.01,2.47,8.12,5.55,7.19,623,Boiling,55.68,158,15,36,79.23,67148,85.62,44.87,85.41,464,13.66,183,,,
Nigeria,West,2003,Lake,1.15,6.35,0.6,6.49,27.29,16.27,4023,Filtration,85.48,121,3,18,60.09,27405,88.87,55.5,82.29,767,13.96,477,,,
Nigeria,West,2003,Pond,3.25,6.01,4.87,8.58,1.96,11.98,3338,Filtration,33.49,478,29,13,13.92,8673,52.41,84.92,52.5,1642,31.46,260,,,
Nigeria,West,2003,River,7.27,6.22,0.02,8.15,44.77,8.48,4471,Boiling,45.15,419,42,42,87.28,46538,36.57,31.96,77.27,2976,0.15,564,,,
Nigeria,West,2003,Spring,9.1,7.98,3.13,4.49,8.95,13.64,1463,Chlorination,48.3,264,8,33,20.36,23330,77.41,57.63,88.34,2994,36.13,52,,,
Nigeria,West,2002,Lake,7.93,8.09,3.43,8.32,0.44,9.17,2619,,97.93,498,44,25,97.03,26424,71.42,51.99,78.03,1254,2.78,981,,,
Nigeria,West,2002,River,3.48,8.44,4.34,9.28,12.53,5.49,2099,Boiling,89.52,136,15,12,63.72,33188,10.8,68.78,59.27,1547,10.54,832,,,
Nigeria,West,2002,Spring,1.37,6.93,3.63,3.28,35.96,19.06,2198,Filtration,32.33,306,30,93,76.64,15148,62.45,60.54,57.23,2597,23.75,764,,,
Nigeria,West,2001,River,6.25,7.55,4.9,3.1,26.7,5.53,2685,Filtration,41.84,436,42,65,53.06,34903,92.18,24.66,81.21,1455,8.62,217,,,
Nigeria,West,2001,River,4.94,6.82,1.74,9.22,41.27,11.69,3917,,44.69,71,26,36,49.36,54936,86.63,42.15,52.64,2438,7.65,105,,,
Nigeria,West,2001,Spring,7.79,7.56,1.77,7.66,21.24,4.58,2240,,31.22,311,23,63,15.49,17396,26.25,32.38,44.38,1717,21.02,189,,,
Nigeria,West,2000,Spring,2.31,7.51,0.98,6.2,44.62,6.4,3127,,76.03,242,23,33,89.01,96861,22.74,61.55,98.43,991,7.71,970,,,
